<?xml version="1.0" encoding="UTF-8"?>
<project-private xmlns="http://www.netbeans.org/ns/project-private/1">
    <editor-bookmarks xmlns="http://www.netbeans.org/ns/editor-bookmarks/2" lastBookmarkId="0"/>
    <open-files xmlns="http://www.netbeans.org/ns/projectui-open-files/2">
        <group>
            <file>file:/D:/Project%20ShoeWeb/Project%20ShoeWeb/ShoesWeb/ShoesWeb/src/java/dal/OrderDAO.java</file>
            <file>file:/D:/Project%20ShoeWeb/Project%20ShoeWeb/ShoesWeb/ShoesWeb/web/includes/asideadmin.jsp</file>
            <file>file:/D:/Project%20ShoeWeb/Project%20ShoeWeb/ShoesWeb/ShoesWeb/web/includes/navbar.jsp</file>
            <file>file:/D:/Project%20ShoeWeb/Project%20ShoeWeb/ShoesWeb/ShoesWeb/web/images/slider4.png</file>
            <file>file:/D:/Project%20ShoeWeb/Project%20ShoeWeb/ShoesWeb/ShoesWeb/web/admin.jsp</file>
            <file>file:/D:/Project%20ShoeWeb/Project%20ShoeWeb/ShoesWeb/ShoesWeb/web/includes/footer.jsp</file>
            <file>file:/D:/Project%20ShoeWeb/Project%20ShoeWeb/ShoesWeb/ShoesWeb/web/images/slider2.jpg</file>
            <file>file:/D:/Project%20ShoeWeb/Project%20ShoeWeb/ShoesWeb/ShoesWeb/web/assets/css/bootstrap.min.css.map</file>
            <file>file:/D:/Project%20ShoeWeb/Project%20ShoeWeb/ShoesWeb/ShoesWeb/web/includes/head.jsp</file>
            <file>file:/D:/Project%20ShoeWeb/Project%20ShoeWeb/ShoesWeb/ShoesWeb/web/includes/alert.js</file>
            <file>file:/D:/Project%20ShoeWeb/Project%20ShoeWeb/ShoesWeb/ShoesWeb/web/index.jsp</file>
            <file>file:/D:/Project%20ShoeWeb/Project%20ShoeWeb/ShoesWeb/ShoesWeb/web/deleteuser.jsp</file>
            <file>file:/D:/Project%20ShoeWeb/Project%20ShoeWeb/ShoesWeb/ShoesWeb/web/adduser.jsp</file>
            <file>file:/D:/Project%20ShoeWeb/Project%20ShoeWeb/ShoesWeb/ShoesWeb/web/addproduct.jsp</file>
            <file>file:/D:/Project%20ShoeWeb/Project%20ShoeWeb/ShoesWeb/ShoesWeb/web/deleteproduct.jsp</file>
            <file>file:/D:/Project%20ShoeWeb/Project%20ShoeWeb/ShoesWeb/ShoesWeb/web/images/slider3.jpg</file>
            <file>file:/D:/Project%20ShoeWeb/Project%20ShoeWeb/ShoesWeb/ShoesWeb/web/checkout.jsp</file>
            <file>file:/D:/Project%20ShoeWeb/Project%20ShoeWeb/ShoesWeb/ShoesWeb/web/includes/foot.jsp</file>
            <file>file:/D:/Project%20ShoeWeb/Project%20ShoeWeb/ShoesWeb/ShoesWeb/web/cart.jsp</file>
            <file>file:/D:/Project%20ShoeWeb/Project%20ShoeWeb/ShoesWeb/ShoesWeb/web/images/image1.jpg</file>
            <file>file:/D:/Project%20ShoeWeb/Project%20ShoeWeb/ShoesWeb/ShoesWeb/web/images/slider5.jpg</file>
            <file>file:/D:/Project%20ShoeWeb/Project%20ShoeWeb/ShoesWeb/ShoesWeb/web/assets/js/bootstrap.min.js</file>
            <file>file:/D:/Project%20ShoeWeb/Project%20ShoeWeb/ShoesWeb/ShoesWeb/web/images/slider1.jpg</file>
            <file>file:/D:/Project%20ShoeWeb/Project%20ShoeWeb/ShoesWeb/ShoesWeb/web/assets/js/bootstrap.min.js.map</file>
            <file>file:/D:/Project%20ShoeWeb/Project%20ShoeWeb/ShoesWeb/ShoesWeb/src/java/dal/DBContext.java</file>
        </group>
    </open-files>
</project-private>
